1560381426,0,397591700,1443958487,2319549319,97322572,1768914031,3286699147,363481774,794082148,1100992430,1342665264,659554597,19222531,468272,925892608,71647239,268576032,2003829269,2,1342665264,659554597,19222531,468272,925892608,71647239,268576032,2003829269,2,-540,-540,294912,295200,0,294912,1719144995,178201,0
1560381426,1,397591700,1443958487,2319549319,97322572,1768914031,3286699147,363481774,794082148,1100992430,2952302031,3635412698,4275744764,4294499023,3369074687,4223320056,4026391263,2291138026,4294967293,2952302031,3635412698,4275744764,4294499023,3369074687,4223320056,4026391263,2291138026,4294967293,-540,-540,294912,150145,145055,149857,43925493,123541,0
1085591503,0,589610161,4181305138,569899123,3311698415,797386799,896806551,3692236932,3062630262,367023996,2936573391,3635351258,249212684,4278770383,3369013247,196787976,4010662623,2291076586,268435213,1862758927,661586213,19230467,1057432847,923729920,71663367,788669727,2001666581,16130,-516,-516,294912,295200,0,294912,718140594,4294967295,0
1085591503,1,589610161,4181305138,569899123,3311698415,797386799,896806551,3692236932,3062630262,367023996,2952302031,3635412698,4275744764,4294499023,3369074687,4223320056,4026391263,2291138026,4294967293,2952302031,3635412698,4275744764,4294499023,3369074687,4223320056,4026391263,2291138026,4294967293,-540,-540,294912,149583,145617,149295,1091213196,116962,0
3553675765,0,2029365987,572779096,2816724310,2020960058,609123862,1525457539,633921166,649498451,1088732048,1342665264,659554597,19222531,468272,925892608,71647239,268576032,2003829269,2,1342665264,659554597,19222531,468272,925892608,71647239,268576032,2003829269,2,-540,-540,294912,295200,0,294912,1092345523,152762,0
3553675765,1,2029365987,572779096,2816724310,2020960058,609123862,1525457539,633921166,649498451,1088732048,2952302031,3635412698,4275744764,4294499023,3369074687,4223320056,4026391263,2291138026,4294967293,2952302031,3635412698,4275744764,4294499023,3369074687,4223320056,4026391263,2291138026,4294967293,-540,-540,294912,150219,144981,149931,2940846674,131905,0
3064319432,0,2012543382,802544355,33870983,2771874278,2957300435,3150902860,281917222,1115895669,1202448979,2952302031,3635412698,4275744764,4294499023,3369074687,4223320056,4026391263,2291138026,4294967293,2952302031,3635412698,4275744764,4294499023,3369074687,4223320056,4026391263,2291138026,4294967293,-540,-540,294912,295200,0,294912,1807950230,144538,0
3064319432,1,2012543382,802544355,33870983,2771874278,2957300435,3150902860,281917222,1115895669,1202448979,2952302031,3635412698,4275744764,4294499023,3369074687,4223320056,4026391263,2291138026,4294967293,2952302031,3635412698,4275744764,4294499023,3369074687,4223320056,4026391263,2291138026,4294967293,-540,-540,294912,149745,145455,149457,776145926,121856,0
2979770606,0,834857588,380601666,4232974221,3943721396,617960532,2880622043,2034613013,3123221886,2262434984,1342665264,659554597,19222531,468272,925892608,71647239,268576032,2003829269,2,1342665264,659554597,19222531,468272,925892608,71647239,268576032,2003829269,2,-540,-540,294912,295200,0,294912,4009900338,152913,0
2979770606,1,834857588,380601666,4232974221,3943721396,617960532,2880622043,2034613013,3123221886,2262434984,2952302031,3635412698,4275744764,4294499023,3369074687,4223320056,4026391263,2291138026,4294967293,2952302031,3635412698,4275744764,4294499023,3369074687,4223320056,4026391263,2291138026,4294967293,-540,-540,294912,149189,146011,148901,3364054404,119504,0
3887518001,0,880896284,637715226,3666067598,3864120740,1247127623,3217099220,81067655,3123353736,3542877711,1342665264,659554597,19222531,468272,925892608,71647239,268576032,2003829269,2,1342665264,659554597,19222531,468272,925892608,71647239,268576032,2003829269,2,-540,-540,294912,295200,0,294912,256435542,158338,0
3887518001,1,880896284,637715226,3666067598,3864120740,1247127623,3217099220,81067655,3123353736,3542877711,2952302031,3635412698,4275744764,4294499023,3369074687,4223320056,4026391263,2291138026,4294967293,2952302031,3635412698,4275744764,4294499023,3369074687,4223320056,4026391263,2291138026,4294967293,-540,-540,294912,148974,146226,148686,2429043701,116761,0
2821088276,0,1945745727,2492930672,2043396071,1392979715,1831598403,834505700,4201027418,2592453887,1302376939,2936499663,950993210,20623107,4278663887,684654623,73056007,4009900767,1754202634,2096898,2936503759,682557738,19574531,4278659791,953090063,72007431,4009896671,2022638106,1048322,-516,-516,294912,295200,0,294912,836413220,4294967295,0
2821088276,1,1945745727,2492930672,2043396071,1392979715,1831598403,834505700,4201027418,2592453887,1302376939,2952302031,3635412698,4275744764,4294499023,3369074687,4223320056,4026391263,2291138026,4294967293,2952302031,3635412698,4275744764,4294499023,3369074687,4223320056,4026391263,2291138026,4294967293,-540,-540,294912,149655,145545,149367,739677972,129222,0
291919538,0,2390608853,581529996,2676880368,2929027929,260653568,737033072,2949393810,631318878,492154332,1342665264,659554597,19222531,468272,925892608,71647239,268576032,2003829269,2,1342665264,659554597,19222531,468272,925892608,71647239,268576032,2003829269,2,-540,-540,294912,295200,0,294912,411142843,149385,0
291919538,1,2390608853,581529996,2676880368,2929027929,260653568,737033072,2949393810,631318878,492154332,2952302031,3635412698,4275744764,4294499023,3369074687,4223320056,4026391263,2291138026,4294967293,2952302031,3635412698,4275744764,4294499023,3369074687,4223320056,4026391263,2291138026,4294967293,-540,-540,294912,149183,146017,148895,1511519304,128859,0
3000904821,0,3368817521,2575917073,2786057134,1786388165,1842802093,3062007217,2602721757,3294290714,1064866272,2952302031,3635412698,4275744764,4294499023,3369074687,4223320056,4026391263,2291138026,4294967293,2952302031,3635412698,4275744764,4294499023,3369074687,4223320056,4026391263,2291138026,4294967293,-540,-540,294912,295200,0,294912,697591155,148901,0
3000904821,1,3368817521,2575917073,2786057134,1786388165,1842802093,3062007217,2602721757,3294290714,1064866272,2952302031,3635412698,4275744764,4294499023,3369074687,4223320056,4026391263,2291138026,4294967293,2952302031,3635412698,4275744764,4294499023,3369074687,4223320056,4026391263,2291138026,4294967293,-540,-540,294912,150225,144975,149937,3609948027,123393,0
2978731252,0,3210040374,1786656416,1763136980,2734862336,969805881,2813775167,272939865,2272103953,2448388555,1342665264,659554597,19222531,468272,925892608,71647239,268576032,2003829269,2,1342665264,659554597,19222531,468272,925892608,71647239,268576032,2003829269,2,-540,-540,294912,295200,0,294912,3475060198,150721,0
2978731252,1,3210040374,1786656416,1763136980,2734862336,969805881,2813775167,272939865,2272103953,2448388555,2952302031,3635412698,4275744764,4294499023,3369074687,4223320056,4026391263,2291138026,4294967293,2952302031,3635412698,4275744764,4294499023,3369074687,4223320056,4026391263,2291138026,4294967293,-540,-540,294912,151056,144144,150768,1989489716,133207,0
1251417355,0,2524960992,1206436103,29910282,2438465501,3305745193,3058180891,3013732016,3547267630,2812845716,1342665264,659554597,19222531,468272,925892608,71647239,268576032,2003829269,2,1342665264,659554597,19222531,468272,925892608,71647239,268576032,2003829269,2,-540,-540,294912,295200,0,294912,1375583557,156371,0
1251417355,1,2524960992,1206436103,29910282,2438465501,3305745193,3058180891,3013732016,3547267630,2812845716,2952302031,3635412698,4275744764,4294499023,3369074687,4223320056,4026391263,2291138026,4294967293,2952302031,3635412698,4275744764,4294499023,3369074687,4223320056,4026391263,2291138026,4294967293,-540,-540,294912,149864,145336,149576,1400625688,141970,0
1328975422,0,652494815,3390327106,333529798,3095038186,568078709,3789298195,434217649,207694067,4082502483,1342665264,659554597,19222531,468272,925892608,71647239,268576032,2003829269,2,1342665264,659554597,19222531,468272,925892608,71647239,268576032,2003829269,2,-540,-540,294912,295200,0,294912,550009223,147298,0
1328975422,1,652494815,3390327106,333529798,3095038186,568078709,3789298195,434217649,207694067,4082502483,2952302031,3635412698,4275744764,4294499023,3369074687,4223320056,4026391263,2291138026,4294967293,2952302031,3635412698,4275744764,4294499023,3369074687,4223320056,4026391263,2291138026,4294967293,-540,-540,294912,149759,145441,149471,3432426139,131689,0
3137863517,0,1816672102,2990957006,9316039,268566978,3025797238,3532286503,1344599433,2516423399,1730683520,1342665264,659554597,19222531,468272,925892608,71647239,268576032,2003829269,2,1342665264,659554597,19222531,468272,925892608,71647239,268576032,2003829269,2,-540,-540,294912,295200,0,294912,3153944444,152128,0
3137863517,1,1816672102,2990957006,9316039,268566978,3025797238,3532286503,1344599433,2516423399,1730683520,2952302031,3635412698,4275744764,4294499023,3369074687,4223320056,4026391263,2291138026,4294967293,2952302031,3635412698,4275744764,4294499023,3369074687,4223320056,4026391263,2291138026,4294967293,-540,-540,294912,150038,145162,149750,4209623369,137670,0
1058327683,0,233204666,3340885344,1827669767,3113116929,1934473093,2120076323,3344672939,1658159021,1921161469,1342665264,659554597,19222531,468272,925892608,71647239,268576032,2003829269,2,1342665264,659554597,19222531,468272,925892608,71647239,268576032,2003829269,2,-540,-540,294912,295200,0,294912,1005980510,148057,0
1058327683,1,233204666,3340885344,1827669767,3113116929,1934473093,2120076323,3344672939,1658159021,1921161469,2952302031,3635412698,4275744764,4294499023,3369074687,4223320056,4026391263,2291138026,4294967293,2952302031,3635412698,4275744764,4294499023,3369074687,4223320056,4026391263,2291138026,4294967293,-540,-540,294912,149767,145433,149479,3101857427,139109,0
1409971281,0,4128923079,3663197126,3315628552,1267118300,3541835211,1541621058,628904582,3961979526,749918380,2952302031,3635412698,4275744764,4294499023,3369074687,4223320056,4026391263,2291138026,4294967293,2952302031,3635412698,4275744764,4294499023,3369074687,4223320056,4026391263,2291138026,4294967293,-540,-540,294912,295200,0,294912,408056088,156168,0
1409971281,1,4128923079,3663197126,3315628552,1267118300,3541835211,1541621058,628904582,3961979526,749918380,2952302031,3635412698,4275744764,4294499023,3369074687,4223320056,4026391263,2291138026,4294967293,2952302031,3635412698,4275744764,4294499023,3369074687,4223320056,4026391263,2291138026,4294967293,-540,-540,294912,150585,144615,150297,4149993880,138217,0
1978716129,0,4142562379,2753337898,1175579097,1887442006,2600733382,3038129729,3130248771,3158953533,4047120815,2952302031,3635412698,4275744764,4294499023,3369074687,4223320056,4026391263,2291138026,4294967293,2952302031,3635412698,4275744764,4294499023,3369074687,4223320056,4026391263,2291138026,4294967293,-540,-540,294912,295200,0,294912,1582718441,144565,0
1978716129,1,4142562379,2753337898,1175579097,1887442006,2600733382,3038129729,3130248771,3158953533,4047120815,2952302031,3635412698,4275744764,4294499023,3369074687,4223320056,4026391263,2291138026,4294967293,2952302031,3635412698,4275744764,4294499023,3369074687,4223320056,4026391263,2291138026,4294967293,-540,-540,294912,149851,145349,149563,1485512779,132481,0
2681108673,0,4279200199,3788199273,2802891346,1551803593,1088634491,3362155751,49391378,240150693,335956361,1342665264,659554597,19222531,468272,925892608,71647239,268576032,2003829269,2,1342665264,659554597,19222531,468272,925892608,71647239,268576032,2003829269,2,-540,-540,294912,295200,0,294912,3446595684,151876,0
2681108673,1,4279200199,3788199273,2802891346,1551803593,1088634491,3362155751,49391378,240150693,335956361,2952302031,3635412698,4275744764,4294499023,3369074687,4223320056,4026391263,2291138026,4294967293,2952302031,3635412698,4275744764,4294499023,3369074687,4223320056,4026391263,2291138026,4294967293,-540,-540,294912,148567,146633,148279,522881328,133405,0
3824838264,0,3464358969,158649280,922544678,670942980,426206631,3743441938,690639875,1809843434,1053359950,1342665264,659554597,19222531,468272,925892608,71647239,268576032,2003829269,2,1342665264,659554597,19222531,468272,925892608,71647239,268576032,2003829269,2,-540,-540,294912,295200,0,294912,709015852,147370,0
3824838264,1,3464358969,158649280,922544678,670942980,426206631,3743441938,690639875,1809843434,1053359950,2952302031,3635412698,4275744764,4294499023,3369074687,4223320056,4026391263,2291138026,4294967293,2952302031,3635412698,4275744764,4294499023,3369074687,4223320056,4026391263,2291138026,4294967293,-540,-540,294912,149878,145322,149590,4006740418,139370,0
1693757314,0,1481004681,2414573535,2466470363,2883662594,920164527,705105795,91174080,1603248751,1977532506,1342665264,659554597,19222531,468272,925892608,71647239,268576032,2003829269,2,1342665264,659554597,19222531,468272,925892608,71647239,268576032,2003829269,2,-540,-540,294912,295200,0,294912,3290973115,144512,0
1693757314,1,1481004681,2414573535,2466470363,2883662594,920164527,705105795,91174080,1603248751,1977532506,2952302031,3635412698,4275744764,4294499023,3369074687,4223320056,4026391263,2291138026,4294967293,2952302031,3635412698,4275744764,4294499023,3369074687,4223320056,4026391263,2291138026,4294967293,-540,-540,294912,149993,145207,149705,3095813859,129285,0
1166627249,0,1192267880,255881647,2607627069,846536720,1590186664,1885937727,1982269642,2317703939,3447794602,789017167,657391909,19214083,2131174735,927924224,71646983,1862411615,1997472277,32514,2936500943,665780517,19246851,4278658511,936312832,71679751,4009895391,2005860885,65282,-516,-516,294912,295200,0,294912,373266276,4294967295,0
1166627249,1,1192267880,255881647,2607627069,846536720,1590186664,1885937727,1982269642,2317703939,3447794602,2952302031,3635412698,4275744764,4294499023,3369074687,4223320056,4026391263,2291138026,4294967293,2952302031,3635412698,4275744764,4294499023,3369074687,4223320056,4026391263,2291138026,4294967293,-540,-540,294912,149428,145772,149140,417147970,131903,0
49042557,0,1832840773,2762072137,2130920294,600061521,2638411716,3684121214,1624678374,2873243840,2606077359,2952302031,3635412698,4275744764,4294499023,3369074687,4223320056,4026391263,2291138026,4294967293,2952302031,3635412698,4275744764,4294499023,3369074687,4223320056,4026391263,2291138026,4294967293,-540,-540,294912,295200,0,294912,60700453,159000,0
49042557,1,1832840773,2762072137,2130920294,600061521,2638411716,3684121214,1624678374,2873243840,2606077359,2952302031,3635412698,4275744764,4294499023,3369074687,4223320056,4026391263,2291138026,4294967293,2952302031,3635412698,4275744764,4294499023,3369074687,4223320056,4026391263,2291138026,4294967293,-540,-540,294912,149679,145521,149391,223355129,135281,0
3107428117,0,2383300609,2612655408,352629698,2220566050,3550832376,2418750605,2121580461,1997431021,4161164924,1342665264,659554597,19222531,468272,925892608,71647239,268576032,2003829269,2,1342665264,659554597,19222531,468272,925892608,71647239,268576032,2003829269,2,-540,-540,294912,295200,0,294912,932660502,154641,0
3107428117,1,2383300609,2612655408,352629698,2220566050,3550832376,2418750605,2121580461,1997431021,4161164924,2952302031,3635412698,4275744764,4294499023,3369074687,4223320056,4026391263,2291138026,4294967293,2952302031,3635412698,4275744764,4294499023,3369074687,4223320056,4026391263,2291138026,4294967293,-540,-540,294912,149113,146087,148825,1515944496,127905,0
3105735752,0,1247338225,3906519873,669056125,1221506934,3567878558,2220840228,3024713254,3658971848,252575708,2952302031,3635412698,4275744764,4294499023,3369074687,4223320056,4026391263,2291138026,4294967293,2952302031,3635412698,4275744764,4294499023,3369074687,4223320056,4026391263,2291138026,4294967293,-540,-540,294912,295200,0,294912,2775172602,180288,0
3105735752,1,1247338225,3906519873,669056125,1221506934,3567878558,2220840228,3024713254,3658971848,252575708,2952302031,3635412698,4275744764,4294499023,3369074687,4223320056,4026391263,2291138026,4294967293,2952302031,3635412698,4275744764,4294499023,3369074687,4223320056,4026391263,2291138026,4294967293,-540,-540,294912,149557,145643,149269,4108711152,133637,0
2653048158,0,964470378,819003053,723469190,2917826986,4191888643,4065095832,2063439450,3648771538,3112338391,2952302031,3635412698,4275744764,4294499023,3369074687,4223320056,4026391263,2291138026,4294967293,2952302031,3635412698,4275744764,4294499023,3369074687,4223320056,4026391263,2291138026,4294967293,-540,-540,294912,295200,0,294912,2427309099,156085,0
2653048158,1,964470378,819003053,723469190,2917826986,4191888643,4065095832,2063439450,3648771538,3112338391,2952302031,3635412698,4275744764,4294499023,3369074687,4223320056,4026391263,2291138026,4294967293,2952302031,3635412698,4275744764,4294499023,3369074687,4223320056,4026391263,2291138026,4294967293,-540,-540,294912,149569,145631,149281,213296681,121580,0
4116068117,0,1608561773,1930064923,1562175361,905263955,1835379935,3695153639,4176839899,2834644616,4226968876,1342665264,659554597,19222531,468272,925892608,71647239,268576032,2003829269,2,1342665264,659554597,19222531,468272,925892608,71647239,268576032,2003829269,2,-540,-540,294912,295200,0,294912,416013285,144456,0
4116068117,1,1608561773,1930064923,1562175361,905263955,1835379935,3695153639,4176839899,2834644616,4226968876,2952302031,3635412698,4275744764,4294499023,3369074687,4223320056,4026391263,2291138026,4294967293,2952302031,3635412698,4275744764,4294499023,3369074687,4223320056,4026391263,2291138026,4294967293,-540,-540,294912,149738,145462,149450,3115624448,132776,0
3239509328,0,2907581680,533495752,1448641265,2507434736,1146999075,960690090,2983824561,3553754667,3541500842,1342665264,659554597,19222531,468272,925892608,71647239,268576032,2003829269,2,1342665264,659554597,19222531,468272,925892608,71647239,268576032,2003829269,2,-540,-540,294912,295200,0,294912,2493826272,148419,0
3239509328,1,2907581680,533495752,1448641265,2507434736,1146999075,960690090,2983824561,3553754667,3541500842,2952302031,3635412698,4275744764,4294499023,3369074687,4223320056,4026391263,2291138026,4294967293,2952302031,3635412698,4275744764,4294499023,3369074687,4223320056,4026391263,2291138026,4294967293,-540,-540,294912,150145,145055,149857,935678979,133074,0
450314930,0,2670253717,2462214541,2535540188,3162604162,907337979,611522349,1165886456,1989133331,4204624461,2952302031,3635412698,4275744764,4294499023,3369074687,4223320056,4026391263,2291138026,4294967293,2952302031,3635412698,4275744764,4294499023,3369074687,4223320056,4026391263,2291138026,4294967293,-540,-540,294912,295200,0,294912,1828003132,154364,0
450314930,1,2670253717,2462214541,2535540188,3162604162,907337979,611522349,1165886456,1989133331,4204624461,2952302031,3635412698,4275744764,4294499023,3369074687,4223320056,4026391263,2291138026,4294967293,2952302031,3635412698,4275744764,4294499023,3369074687,4223320056,4026391263,2291138026,4294967293,-540,-540,294912,149284,145916,148996,1803779221,119701,0
1824072324,0,3214976382,3358895900,1576504679,1879937079,2153638854,1298418057,2236246878,836044865,3579749485,2936475087,1487864154,22720259,4278672079,1221525631,70958855,4009908959,143589994,8388354,2936499663,950993210,20623107,4278663887,684654623,73056007,4009900767,1754202634,2096898,-516,-516,294912,295200,0,294912,128141363,4294967295,0
1824072324,1,3214976382,3358895900,1576504679,1879937079,2153638854,1298418057,2236246878,836044865,3579749485,2952302031,3635412698,4275744764,4294499023,3369074687,4223320056,4026391263,2291138026,4294967293,2952302031,3635412698,4275744764,4294499023,3369074687,4223320056,4026391263,2291138026,4294967293,-540,-540,294912,150015,145185,149727,357535845,135050,0
1713944674,0,4224852930,1059254552,1600306828,2744241366,3804149818,3738830826,2813978275,1756065523,1343256419,1342665264,659554597,19222531,468272,925892608,71647239,268576032,2003829269,2,1342665264,659554597,19222531,468272,925892608,71647239,268576032,2003829269,2,-540,-540,294912,295200,0,294912,1605405441,148305,0
1713944674,1,4224852930,1059254552,1600306828,2744241366,3804149818,3738830826,2813978275,1756065523,1343256419,2952302031,3635412698,4275744764,4294499023,3369074687,4223320056,4026391263,2291138026,4294967293,2952302031,3635412698,4275744764,4294499023,3369074687,4223320056,4026391263,2291138026,4294967293,-540,-540,294912,149982,145218,149694,3057555005,135258,0
3424542873,0,674686025,1505709712,3250086006,2002256404,291150855,1663015136,1621928193,549205518,1697081453,2952302031,3635412698,4275744764,4294499023,3369074687,4223320056,4026391263,2291138026,4294967293,2952302031,3635412698,4275744764,4294499023,3369074687,4223320056,4026391263,2291138026,4294967293,-540,-540,294912,295200,0,294912,1493210146,156970,0
3424542873,1,674686025,1505709712,3250086006,2002256404,291150855,1663015136,1621928193,549205518,1697081453,2952302031,3635412698,4275744764,4294499023,3369074687,4223320056,4026391263,2291138026,4294967293,2952302031,3635412698,4275744764,4294499023,3369074687,4223320056,4026391263,2291138026,4294967293,-540,-540,294912,149446,145754,149158,1521201157,131458,0
3090383553,0,1273203862,1546037116,1046908828,2310564361,1281229232,1110731275,349654192,401319373,3343886604,1342665264,659554597,19222531,468272,925892608,71647239,268576032,2003829269,2,1342665264,659554597,19222531,468272,925892608,71647239,268576032,2003829269,2,-540,-540,294912,295200,0,294912,1051151994,149254,0
3090383553,1,1273203862,1546037116,1046908828,2310564361,1281229232,1110731275,349654192,401319373,3343886604,2952302031,3635412698,4275744764,4294499023,3369074687,4223320056,4026391263,2291138026,4294967293,2952302031,3635412698,4275744764,4294499023,3369074687,4223320056,4026391263,2291138026,4294967293,-540,-540,294912,149443,145757,149155,1601936053,130686,0
3138564472,0,3354578258,1197199437,3787700104,4125437089,2213769720,1583166561,2994965775,2576660985,619063708,1342665264,659554597,19222531,468272,925892608,71647239,268576032,2003829269,2,1342665264,659554597,19222531,468272,925892608,71647239,268576032,2003829269,2,-540,-540,294912,295200,0,294912,1951071442,145744,0
3138564472,1,3354578258,1197199437,3787700104,4125437089,2213769720,1583166561,2994965775,2576660985,619063708,2952302031,3635412698,4275744764,4294499023,3369074687,4223320056,4026391263,2291138026,4294967293,2952302031,3635412698,4275744764,4294499023,3369074687,4223320056,4026391263,2291138026,4294967293,-540,-540,294912,149389,145811,149101,3220294628,128753,0
3040881373,0,626240785,1939744254,3228385482,147092456,3509371132,3227446850,51352357,2056854939,1923909791,1342665264,659554597,19222531,468272,925892608,71647239,268576032,2003829269,2,1342665264,659554597,19222531,468272,925892608,71647239,268576032,2003829269,2,-540,-540,294912,295200,0,294912,2827556501,142673,0
3040881373,1,626240785,1939744254,3228385482,147092456,3509371132,3227446850,51352357,2056854939,1923909791,2952302031,3635412698,4275744764,4294499023,3369074687,4223320056,4026391263,2291138026,4294967293,2952302031,3635412698,4275744764,4294499023,3369074687,4223320056,4026391263,2291138026,4294967293,-540,-540,294912,150031,145169,149743,2265109691,126992,0
2911711562,0,1897444396,2423006720,3997394030,2857585383,3089494538,3945679015,3754384337,3177636791,1880642484,2936501199,649003300,19181315,4278658255,919535617,71614215,4009895135,1989083668,130818,2936500943,665780517,19246851,4278658511,936312832,71679751,4009895391,2005860885,65282,-516,-516,294912,295200,0,294912,4224134045,4294967295,0
2911711562,1,1897444396,2423006720,3997394030,2857585383,3089494538,3945679015,3754384337,3177636791,1880642484,2952302031,3635412698,4275744764,4294499023,3369074687,4223320056,4026391263,2291138026,4294967293,2952302031,3635412698,4275744764,4294499023,3369074687,4223320056,4026391263,2291138026,4294967293,-540,-540,294912,149715,145485,149427,1017689020,139198,0
4033527591,0,1398281643,2998152505,3871703051,2948556451,3463545619,159440843,458983716,3207185562,918009080,1342665264,659554597,19222531,468272,925892608,71647239,268576032,2003829269,2,1342665264,659554597,19222531,468272,925892608,71647239,268576032,2003829269,2,-540,-540,294912,295200,0,294912,2306914263,145717,0
4033527591,1,1398281643,2998152505,3871703051,2948556451,3463545619,159440843,458983716,3207185562,918009080,2952302031,3635412698,4275744764,4294499023,3369074687,4223320056,4026391263,2291138026,4294967293,2952302031,3635412698,4275744764,4294499023,3369074687,4223320056,4026391263,2291138026,4294967293,-540,-540,294912,149730,145470,149442,3813558669,127915,0
3599195097,0,3861122061,1963219636,3349702797,3618134919,2604945501,3180738222,1642448480,1950999728,2249992088,2952302031,3635412698,4275744764,4294499023,3369074687,4223320056,4026391263,2291138026,4294967293,2952302031,3635412698,4275744764,4294499023,3369074687,4223320056,4026391263,2291138026,4294967293,-540,-540,294912,295200,0,294912,2427435171,155755,0
3599195097,1,3861122061,1963219636,3349702797,3618134919,2604945501,3180738222,1642448480,1950999728,2249992088,2952302031,3635412698,4275744764,4294499023,3369074687,4223320056,4026391263,2291138026,4294967293,2952302031,3635412698,4275744764,4294499023,3369074687,4223320056,4026391263,2291138026,4294967293,-540,-540,294912,149373,145827,149085,1533846727,121037,0
3817453616,0,2478912153,3735156266,4179412167,3658308604,1197811768,517050493,3417399731,1830547235,110843379,1357345328,659611941,3777319139,15148336,925949952,3829743847,283256096,2003886613,3758096610,1358656048,659619109,4247081215,16459056,925957120,4165288187,285091104,2003893781,4227858686,-516,-516,294912,295200,0,294912,320149694,4294967295,0
3817453616,1,2478912153,3735156266,4179412167,3658308604,1197811768,517050493,3417399731,1830547235,110843379,2952302031,3635412698,4275744764,4294499023,3369074687,4223320056,4026391263,2291138026,4294967293,2952302031,3635412698,4275744764,4294499023,3369074687,4223320056,4026391263,2291138026,4294967293,-540,-540,294912,149509,145691,149221,1613594118,135349,0
4287993413,0,671766991,3879738995,1193669834,4203401866,1619708772,69965297,1272274908,2797680878,4147656077,1342665264,659554597,19222531,468272,925892608,71647239,268576032,2003829269,2,1342665264,659554597,19222531,468272,925892608,71647239,268576032,2003829269,2,-540,-540,294912,295200,0,294912,203711667,156431,0
4287993413,1,671766991,3879738995,1193669834,4203401866,1619708772,69965297,1272274908,2797680878,4147656077,2952302031,3635412698,4275744764,4294499023,3369074687,4223320056,4026391263,2291138026,4294967293,2952302031,3635412698,4275744764,4294499023,3369074687,4223320056,4026391263,2291138026,4294967293,-540,-540,294912,149719,145481,149431,1070378625,140896,0
2653293430,0,62103976,2101156288,849397633,976855632,3546797064,4138775625,3087184762,1663231559,185841993,2952302031,3635412698,4275744764,4294499023,3369074687,4223320056,4026391263,2291138026,4294967293,2952302031,3635412698,4275744764,4294499023,3369074687,4223320056,4026391263,2291138026,4294967293,-540,-540,294912,295200,0,294912,933046510,151753,0
2653293430,1,62103976,2101156288,849397633,976855632,3546797064,4138775625,3087184762,1663231559,185841993,2952302031,3635412698,4275744764,4294499023,3369074687,4223320056,4026391263,2291138026,4294967293,2952302031,3635412698,4275744764,4294499023,3369074687,4223320056,4026391263,2291138026,4294967293,-540,-540,294912,148771,146429,148483,3953924697,127877,0
2152582731,0,3872595372,425954979,3095043264,4000415948,1900262114,443097305,3142879467,2801671982,4145843598,2936507855,3635347930,31108867,4278704847,3369009407,79347463,4009941727,2291073770,16776962,2936475087,1487864154,22720259,4278672079,1221525631,70958855,4009908959,143589994,8388354,-516,-516,294912,295200,0,294912,2525238173,4294967295,0
2152582731,1,3872595372,425954979,3095043264,4000415948,1900262114,443097305,3142879467,2801671982,4145843598,2952302031,3635412698,4275744764,4294499023,3369074687,4223320056,4026391263,2291138026,4294967293,2952302031,3635412698,4275744764,4294499023,3369074687,4223320056,4026391263,2291138026,4294967293,-540,-540,294912,149693,145507,149405,3664373077,127848,0
2936333186,0,213311752,2665951056,3785055464,3648771007,3811858883,532867825,1983317365,804843239,2451991364,1358463536,3612409557,4275392764,16307504,3341877232,4222959864,285070624,2272329189,4293918973,1358465584,3746627293,4275917052,16309552,3476094968,4223484152,285072672,2406546925,4294443261,-516,-516,294912,295200,0,294912,1813971792,4294967295,0
2936333186,1,213311752,2665951056,3785055464,3648771007,3811858883,532867825,1983317365,804843239,2451991364,2952302031,3635412698,4275744764,4294499023,3369074687,4223320056,4026391263,2291138026,4294967293,2952302031,3635412698,4275744764,4294499023,3369074687,4223320056,4026391263,2291138026,4294967293,-540,-540,294912,150031,145169,149743,434352721,127778,0
336040414,0,1409404482,2070607056,4289159700,3487493698,1826796325,4263898712,4029205691,777792750,1851558039,2952302031,3635412698,4275744764,4294499023,3369074687,4223320056,4026391263,2291138026,4294967293,2952302031,3635412698,4275744764,4294499023,3369074687,4223320056,4026391263,2291138026,4294967293,-540,-540,294912,295200,0,294912,2708511277,150025,0
336040414,1,1409404482,2070607056,4289159700,3487493698,1826796325,4263898712,4029205691,777792750,1851558039,2952302031,3635412698,4275744764,4294499023,3369074687,4223320056,4026391263,2291138026,4294967293,2952302031,3635412698,4275744764,4294499023,3369074687,4223320056,4026391263,2291138026,4294967293,-540,-540,294912,150219,144981,149931,3596355843,132384,0
2858032418,0,1866929626,10437042,1521646102,1041713027,3644014790,3484877532,1291949234,2011929642,419220724,2952302031,3635412698,4275744764,4294499023,3369074687,4223320056,4026391263,2291138026,4294967293,2952302031,3635412698,4275744764,4294499023,3369074687,4223320056,4026391263,2291138026,4294967293,-540,-540,294912,295200,0,294912,390773670,156670,0
2858032418,1,1866929626,10437042,1521646102,1041713027,3644014790,3484877532,1291949234,2011929642,419220724,2952302031,3635412698,4275744764,4294499023,3369074687,4223320056,4026391263,2291138026,4294967293,2952302031,3635412698,4275744764,4294499023,3369074687,4223320056,4026391263,2291138026,4294967293,-540,-540,294912,149892,145308,149604,1801313236,130917,0
1691695909,0,2915367736,1993638839,430882026,930622071,1323771775,3012225361,2939814904,24134309,3545236711,1342665264,659554597,19222531,468272,925892608,71647239,268576032,2003829269,2,1342665264,659554597,19222531,468272,925892608,71647239,268576032,2003829269,2,-540,-540,294912,295200,0,294912,2576740186,151210,0
1691695909,1,2915367736,1993638839,430882026,930622071,1323771775,3012225361,2939814904,24134309,3545236711,2952302031,3635412698,4275744764,4294499023,3369074687,4223320056,4026391263,2291138026,4294967293,2952302031,3635412698,4275744764,4294499023,3369074687,4223320056,4026391263,2291138026,4294967293,-540,-540,294912,150393,144807,150105,2957235358,135343,0
3446615020,0,3271308486,3322080835,2470253822,3870501000,2855623360,3997473927,623162454,1503826597,2659909120,1342665264,659554597,19222531,468272,925892608,71647239,268576032,2003829269,2,1342665264,659554597,19222531,468272,925892608,71647239,268576032,2003829269,2,-540,-540,294912,295200,0,294912,3152270388,153280,0
3446615020,1,3271308486,3322080835,2470253822,3870501000,2855623360,3997473927,623162454,1503826597,2659909120,2952302031,3635412698,4275744764,4294499023,3369074687,4223320056,4026391263,2291138026,4294967293,2952302031,3635412698,4275744764,4294499023,3369074687,4223320056,4026391263,2291138026,4294967293,-540,-540,294912,150370,144830,150082,570595728,127848,0
2728576510,0,798045179,2292066897,1983868712,307634214,2744996322,866598119,2220174008,126538315,4059368265,2952302031,3635412698,4275744764,4294499023,3369074687,4223320056,4026391263,2291138026,4294967293,2952302031,3635412698,4275744764,4294499023,3369074687,4223320056,4026391263,2291138026,4294967293,-540,-540,294912,295200,0,294912,3991165604,156745,0
2728576510,1,798045179,2292066897,1983868712,307634214,2744996322,866598119,2220174008,126538315,4059368265,2952302031,3635412698,4275744764,4294499023,3369074687,4223320056,4026391263,2291138026,4294967293,2952302031,3635412698,4275744764,4294499023,3369074687,4223320056,4026391263,2291138026,4294967293,-540,-540,294912,150522,144678,150234,1716013988,137375,0
2825508535,0,510203460,1435468507,2478020286,321983400,1740391572,853664748,2353995356,664984040,3194212466,2700643776,3634429658,4275740924,4042840768,3368091647,4223316216,3774733008,2290154986,4294963453,1358466352,3629186778,4275720444,16308784,3358654463,4223287544,285071904,2289106410,4294902013,-516,-516,294912,295200,0,294912,4127487003,4294967295,0
2825508535,1,510203460,1435468507,2478020286,321983400,1740391572,853664748,2353995356,664984040,3194212466,2952302031,3635412698,4275744764,4294499023,3369074687,4223320056,4026391263,2291138026,4294967293,2952302031,3635412698,4275744764,4294499023,3369074687,4223320056,4026391263,2291138026,4294967293,-540,-540,294912,149586,145614,149298,626995256,134277,0
988512245,0,1030688808,94378132,392199558,680286003,2899972538,3976924351,367444498,919420502,2238546611,2952302031,3635412698,4275744764,4294499023,3369074687,4223320056,4026391263,2291138026,4294967293,2952302031,3635412698,4275744764,4294499023,3369074687,4223320056,4026391263,2291138026,4294967293,-540,-540,294912,295200,0,294912,2223392715,160658,0
988512245,1,1030688808,94378132,392199558,680286003,2899972538,3976924351,367444498,919420502,2238546611,2952302031,3635412698,4275744764,4294499023,3369074687,4223320056,4026391263,2291138026,4294967293,2952302031,3635412698,4275744764,4294499023,3369074687,4223320056,4026391263,2291138026,4294967293,-540,-540,294912,149906,145294,149618,2757253345,126870,0
1332097167,0,1927929390,3008012712,249013869,4232539116,1808274364,3372621907,1011535347,4095385536,186725143,1342665264,659554597,19222531,468272,925892608,71647239,268576032,2003829269,2,1342665264,659554597,19222531,468272,925892608,71647239,268576032,2003829269,2,-540,-540,294912,295200,0,294912,705801811,151218,0
1332097167,1,1927929390,3008012712,249013869,4232539116,1808274364,3372621907,1011535347,4095385536,186725143,2952302031,3635412698,4275744764,4294499023,3369074687,4223320056,4026391263,2291138026,4294967293,2952302031,3635412698,4275744764,4294499023,3369074687,4223320056,4026391263,2291138026,4294967293,-540,-540,294912,149926,145274,149638,3527131037,120781,0
2227985606,0,3489304921,2850988617,46243478,498514251,327020951,4241690517,1045390620,1832320247,72302019,2936500687,615448870,19312387,4278658767,885981187,71745287,4009895647,1955529238,261890,2936503759,682557738,19574531,4278659791,953090063,72007431,4009896671,2022638106,1048322,-516,-516,294912,295200,0,294912,3208993176,4294967295,0
2227985606,1,3489304921,2850988617,46243478,498514251,327020951,4241690517,1045390620,1832320247,72302019,2952302031,3635412698,4275744764,4294499023,3369074687,4223320056,4026391263,2291138026,4294967293,2952302031,3635412698,4275744764,4294499023,3369074687,4223320056,4026391263,2291138026,4294967293,-540,-540,294912,149618,145582,149330,3368533562,132688,0
997914239,0,1091613950,3948628806,810412522,2309881392,830626932,2519711565,860077115,2864871836,1141831131,789017167,657391909,19214083,2131174735,927924224,71646983,1862411615,1997472277,32514,789017167,657391909,19214083,2131174735,927924224,71646983,1862411615,1997472277,32514,-516,-516,294912,295200,0,294912,1464939340,4294967295,0
997914239,1,1091613950,3948628806,810412522,2309881392,830626932,2519711565,860077115,2864871836,1141831131,2952302031,3635412698,4275744764,4294499023,3369074687,4223320056,4026391263,2291138026,4294967293,2952302031,3635412698,4275744764,4294499023,3369074687,4223320056,4026391263,2291138026,4294967293,-540,-540,294912,149348,145852,149060,4187287121,127786,0
1771623977,0,983371251,3481687376,76670785,439364872,8183917,2421358535,1052571813,3757907077,3259209280,1358466352,3629186778,4275720444,16308784,3358654463,4223287544,285071904,2289106410,4294902013,1358466352,3629186778,4275720444,16308784,3358654463,4223287544,285071904,2289106410,4294902013,-516,-516,294912,295200,0,294912,2282618563,4294967295,0
1771623977,1,983371251,3481687376,76670785,439364872,8183917,2421358535,1052571813,3757907077,3259209280,2952302031,3635412698,4275744764,4294499023,3369074687,4223320056,4026391263,2291138026,4294967293,2952302031,3635412698,4275744764,4294499023,3369074687,4223320056,4026391263,2291138026,4294967293,-540,-540,294912,150055,145145,149767,2007960618,124903,0
431259611,0,3173104385,632618260,1569883861,2327968679,969742494,2100106536,633172500,545971992,4181786425,2952302031,3635412698,4275744764,4294499023,3369074687,4223320056,4026391263,2291138026,4294967293,2952302031,3635412698,4275744764,4294499023,3369074687,4223320056,4026391263,2291138026,4294967293,-540,-540,294912,295200,0,294912,575204857,149496,0
431259611,1,3173104385,632618260,1569883861,2327968679,969742494,2100106536,633172500,545971992,4181786425,2952302031,3635412698,4275744764,4294499023,3369074687,4223320056,4026391263,2291138026,4294967293,2952302031,3635412698,4275744764,4294499023,3369074687,4223320056,4026391263,2291138026,4294967293,-540,-540,294912,149905,145295,149617,3343283900,143361,0
949526952,0,1272584744,2000000057,1344500511,1414599670,3731620157,1927175689,56333801,3111370932,3051303617,2936500687,615448870,19312387,4278658767,885981187,71745287,4009895647,1955529238,261890,2936500943,665780517,19246851,4278658511,936312832,71679751,4009895391,2005860885,65282,-516,-516,294912,295200,0,294912,1752589676,4294967295,0
949526952,1,1272584744,2000000057,1344500511,1414599670,3731620157,1927175689,56333801,3111370932,3051303617,2952302031,3635412698,4275744764,4294499023,3369074687,4223320056,4026391263,2291138026,4294967293,2952302031,3635412698,4275744764,4294499023,3369074687,4223320056,4026391263,2291138026,4294967293,-540,-540,294912,149367,145833,149079,1608152459,127810,0
967135520,0,3840021026,1822319500,3474631687,2436397282,4134719817,1275229257,2219222855,4047130959,1865211891,2952302031,3635412698,4275744764,4294499023,3369074687,4223320056,4026391263,2291138026,4294967293,2952302031,3635412698,4275744764,4294499023,3369074687,4223320056,4026391263,2291138026,4294967293,-540,-540,294912,295200,0,294912,292015710,172248,0
967135520,1,3840021026,1822319500,3474631687,2436397282,4134719817,1275229257,2219222855,4047130959,1865211891,2952302031,3635412698,4275744764,4294499023,3369074687,4223320056,4026391263,2291138026,4294967293,2952302031,3635412698,4275744764,4294499023,3369074687,4223320056,4026391263,2291138026,4294967293,-540,-540,294912,149874,145326,149586,4110600791,130034,0
227203276,0,1564757681,2765948045,1535824025,2721239252,3720704717,3280713309,2114497254,3399268399,1884271213,2952302031,3635412698,4275744764,4294499023,3369074687,4223320056,4026391263,2291138026,4294967293,2952302031,3635412698,4275744764,4294499023,3369074687,4223320056,4026391263,2291138026,4294967293,-540,-540,294912,295200,0,294912,773439196,171959,0
227203276,1,1564757681,2765948045,1535824025,2721239252,3720704717,3280713309,2114497254,3399268399,1884271213,2952302031,3635412698,4275744764,4294499023,3369074687,4223320056,4026391263,2291138026,4294967293,2952302031,3635412698,4275744764,4294499023,3369074687,4223320056,4026391263,2291138026,4294967293,-540,-540,294912,148878,146322,148590,288586550,130944,0
2333088537,0,3664112535,4208791801,2665516169,3120630499,4181275990,4059547827,3310914221,3377853167,3174717419,2936491471,414122266,18525955,4278655695,147783743,75153159,4009892575,1217331754,4194050,2936499663,950993210,20623107,4278663887,684654623,73056007,4009900767,1754202634,2096898,-516,-516,294912,295200,0,294912,3925247293,4294967295,0
2333088537,1,3664112535,4208791801,2665516169,3120630499,4181275990,4059547827,3310914221,3377853167,3174717419,2952302031,3635412698,4275744764,4294499023,3369074687,4223320056,4026391263,2291138026,4294967293,2952302031,3635412698,4275744764,4294499023,3369074687,4223320056,4026391263,2291138026,4294967293,-540,-540,294912,149421,145779,149133,1798231160,133625,0
268500719,0,2311386136,211901114,2514537364,124503,1935352162,1289374293,3581266330,3660416846,4079531023,1358475824,3880845029,4276441340,16311600,4147183552,4219814136,285074720,3077635541,4290773245,1358467632,3343974085,4274344188,16303408,3610312672,4221911288,285066528,2540764661,4292870397,-516,-516,294912,295200,0,294912,4272176777,4294967295,0
268500719,1,2311386136,211901114,2514537364,124503,1935352162,1289374293,3581266330,3660416846,4079531023,2952302031,3635412698,4275744764,4294499023,3369074687,4223320056,4026391263,2291138026,4294967293,2952302031,3635412698,4275744764,4294499023,3369074687,4223320056,4026391263,2291138026,4294967293,-540,-540,294912,150046,145154,149758,3581381979,126730,0
3628131479,0,3984373084,1030526333,1204629416,1623468438,2322183007,616814032,1886265815,1660773746,544906766,2936501199,649003300,19181315,4278658255,919535617,71614215,4009895135,1989083668,130818,2936475087,1487864154,22720259,4278672079,1221525631,70958855,4009908959,143589994,8388354,-516,-516,294912,295200,0,294912,10757730,4294967295,0
3628131479,1,3984373084,1030526333,1204629416,1623468438,2322183007,616814032,1886265815,1660773746,544906766,2952302031,3635412698,4275744764,4294499023,3369074687,4223320056,4026391263,2291138026,4294967293,2952302031,3635412698,4275744764,4294499023,3369074687,4223320056,4026391263,2291138026,4294967293,-540,-540,294912,149848,145352,149560,1828468873,123588,0
1880218520,0,3152421139,1844813544,3265405058,2083581656,1586494358,169788835,3999233542,1566002675,3498051003,1342665264,659554597,19222531,468272,925892608,71647239,268576032,2003829269,2,1342665264,659554597,19222531,468272,925892608,71647239,268576032,2003829269,2,-540,-540,294912,295200,0,294912,1882222385,159279,0
1880218520,1,3152421139,1844813544,3265405058,2083581656,1586494358,169788835,3999233542,1566002675,3498051003,2952302031,3635412698,4275744764,4294499023,3369074687,4223320056,4026391263,2291138026,4294967293,2952302031,3635412698,4275744764,4294499023,3369074687,4223320056,4026391263,2291138026,4294967293,-540,-540,294912,149032,146168,148744,2683660407,131838,0
2491767390,0,322366650,388369883,3386261928,3782922686,130084824,1547088461,1792444704,1182978797,3807103912,1342665264,659554597,19222531,468272,925892608,71647239,268576032,2003829269,2,1342665264,659554597,19222531,468272,925892608,71647239,268576032,2003829269,2,-540,-540,294912,295200,0,294912,2619995786,146983,0
2491767390,1,322366650,388369883,3386261928,3782922686,130084824,1547088461,1792444704,1182978797,3807103912,2952302031,3635412698,4275744764,4294499023,3369074687,4223320056,4026391263,2291138026,4294967293,2952302031,3635412698,4275744764,4294499023,3369074687,4223320056,4026391263,2291138026,4294967293,-540,-540,294912,149655,145545,149367,1785616560,132600,0
3546156527,0,1259522418,2487222939,964341992,732385196,3005385929,4092903843,409916139,2344103593,2177187899,1342665264,659554597,19222531,468272,925892608,71647239,268576032,2003829269,2,1342665264,659554597,19222531,468272,925892608,71647239,268576032,2003829269,2,-540,-540,294912,295200,0,294912,431135242,149977,0
3546156527,1,1259522418,2487222939,964341992,732385196,3005385929,4092903843,409916139,2344103593,2177187899,2952302031,3635412698,4275744764,4294499023,3369074687,4223320056,4026391263,2291138026,4294967293,2952302031,3635412698,4275744764,4294499023,3369074687,4223320056,4026391263,2291138026,4294967293,-540,-540,294912,151675,143525,151387,2507889980,145997,0
1510224523,0,2453800070,3273099116,835497305,1169006502,837035840,3675178179,3909615888,1435217158,2105865364,1342665264,659554597,19222531,468272,925892608,71647239,268576032,2003829269,2,1342665264,659554597,19222531,468272,925892608,71647239,268576032,2003829269,2,-540,-540,294912,295200,0,294912,3570652206,165481,0
1510224523,1,2453800070,3273099116,835497305,1169006502,837035840,3675178179,3909615888,1435217158,2105865364,2952302031,3635412698,4275744764,4294499023,3369074687,4223320056,4026391263,2291138026,4294967293,2952302031,3635412698,4275744764,4294499023,3369074687,4223320056,4026391263,2291138026,4294967293,-540,-540,294912,149498,145702,149210,2224359697,131883,0
3682994393,0,2723637236,1224736098,3810696068,2120795744,1443962736,2978055434,3797175416,2923011747,303917889,2952302031,3635412698,4275744764,4294499023,3369074687,4223320056,4026391263,2291138026,4294967293,2952302031,3635412698,4275744764,4294499023,3369074687,4223320056,4026391263,2291138026,4294967293,-540,-540,294912,295200,0,294912,4128567763,155805,0
3682994393,1,2723637236,1224736098,3810696068,2120795744,1443962736,2978055434,3797175416,2923011747,303917889,2952302031,3635412698,4275744764,4294499023,3369074687,4223320056,4026391263,2291138026,4294967293,2952302031,3635412698,4275744764,4294499023,3369074687,4223320056,4026391263,2291138026,4294967293,-540,-540,294912,149380,145820,149092,1481042088,135071,0
3153877911,0,1294137579,416305180,1425111768,3881269121,1045400946,25167083,1174411086,3476053166,2092992229,2952302031,3635412698,4275744764,4294499023,3369074687,4223320056,4026391263,2291138026,4294967293,2952302031,3635412698,4275744764,4294499023,3369074687,4223320056,4026391263,2291138026,4294967293,-540,-540,294912,295200,0,294912,2359499885,154394,0
3153877911,1,1294137579,416305180,1425111768,3881269121,1045400946,25167083,1174411086,3476053166,2092992229,2952302031,3635412698,4275744764,4294499023,3369074687,4223320056,4026391263,2291138026,4294967293,2952302031,3635412698,4275744764,4294499023,3369074687,4223320056,4026391263,2291138026,4294967293,-540,-540,294912,149698,145502,149410,3837986766,123480,0
3543279281,0,646156565,3155742795,3339339684,2345173457,4128603430,846734757,981220948,1963691461,2490450529,2952302031,3635412698,4275744764,4294499023,3369074687,4223320056,4026391263,2291138026,4294967293,2952302031,3635412698,4275744764,4294499023,3369074687,4223320056,4026391263,2291138026,4294967293,-540,-540,294912,295200,0,294912,3998587087,163056,0
3543279281,1,646156565,3155742795,3339339684,2345173457,4128603430,846734757,981220948,1963691461,2490450529,2952302031,3635412698,4275744764,4294499023,3369074687,4223320056,4026391263,2291138026,4294967293,2952302031,3635412698,4275744764,4294499023,3369074687,4223320056,4026391263,2291138026,4294967293,-540,-540,294912,149917,145283,149629,2877260191,134472,0
2770731957,0,3839558809,2077058590,3832579866,3716363219,236039135,1246105575,1113338391,3158499806,3360967447,2936499663,950993210,20623107,4278663887,684654623,73056007,4009900767,1754202634,2096898,2936501711,548340002,19050243,4278657743,818872327,71483143,4009894623,1888420370,524034,-516,-516,294912,295200,0,294912,2630411707,4294967295,0
2770731957,1,3839558809,2077058590,3832579866,3716363219,236039135,1246105575,1113338391,3158499806,3360967447,2952302031,3635412698,4275744764,4294499023,3369074687,4223320056,4026391263,2291138026,4294967293,2952302031,3635412698,4275744764,4294499023,3369074687,4223320056,4026391263,2291138026,4294967293,-540,-540,294912,148719,146481,148431,1578347271,130453,0
1138245906,0,3559996855,948026878,464513515,3229117803,1318588582,1413736333,2757557415,2178021509,2885545800,1342665264,659554597,19222531,468272,925892608,71647239,268576032,2003829269,2,1342665264,659554597,19222531,468272,925892608,71647239,268576032,2003829269,2,-540,-540,294912,295200,0,294912,1765338699,166181,0
1138245906,1,3559996855,948026878,464513515,3229117803,1318588582,1413736333,2757557415,2178021509,2885545800,2952302031,3635412698,4275744764,4294499023,3369074687,4223320056,4026391263,2291138026,4294967293,2952302031,3635412698,4275744764,4294499023,3369074687,4223320056,4026391263,2291138026,4294967293,-540,-540,294912,150026,145174,149738,1827400160,131478,0
4047631800,0,1119398703,3320015980,316500711,702455615,2252820200,4151978248,712506496,2819214793,160842323,1342665264,659554597,19222531,468272,925892608,71647239,268576032,2003829269,2,1342665264,659554597,19222531,468272,925892608,71647239,268576032,2003829269,2,-540,-540,294912,295200,0,294912,3245678202,144656,0
4047631800,1,1119398703,3320015980,316500711,702455615,2252820200,4151978248,712506496,2819214793,160842323,2952302031,3635412698,4275744764,4294499023,3369074687,4223320056,4026391263,2291138026,4294967293,2952302031,3635412698,4275744764,4294499023,3369074687,4223320056,4026391263,2291138026,4294967293,-540,-540,294912,150001,145199,149713,130745902,132700,0
113995183,0,3035753174,3548654137,2259088651,152728295,2686374309,3599378950,2315859330,3395545076,162562009,2952302031,3635412698,4275744764,4294499023,3369074687,4223320056,4026391263,2291138026,4294967293,2952302031,3635412698,4275744764,4294499023,3369074687,4223320056,4026391263,2291138026,4294967293,-540,-540,294912,295200,0,294912,27437983,142350,0
113995183,1,3035753174,3548654137,2259088651,152728295,2686374309,3599378950,2315859330,3395545076,162562009,2952302031,3635412698,4275744764,4294499023,3369074687,4223320056,4026391263,2291138026,4294967293,2952302031,3635412698,4275744764,4294499023,3369074687,4223320056,4026391263,2291138026,4294967293,-540,-540,294912,149899,145301,149611,3282244270,127497,0
2510257273,0,1622034027,1442631461,1709391281,3699950025,3935456549,3610780476,120868618,603741107,2439468887,2952302031,3635412698,4275744764,4294499023,3369074687,4223320056,4026391263,2291138026,4294967293,2952302031,3635412698,4275744764,4294499023,3369074687,4223320056,4026391263,2291138026,4294967293,-540,-540,294912,295200,0,294912,4302747,158977,0
2510257273,1,1622034027,1442631461,1709391281,3699950025,3935456549,3610780476,120868618,603741107,2439468887,2952302031,3635412698,4275744764,4294499023,3369074687,4223320056,4026391263,2291138026,4294967293,2952302031,3635412698,4275744764,4294499023,3369074687,4223320056,4026391263,2291138026,4294967293,-540,-540,294912,149775,145425,149487,2304823123,118650,0
879533625,0,1898402590,2944297205,1310478612,2129960155,1842679295,2075445311,2632170164,4141542771,1058522414,1342665264,659554597,19222531,468272,925892608,71647239,268576032,2003829269,2,1342665264,659554597,19222531,468272,925892608,71647239,268576032,2003829269,2,-540,-540,294912,295200,0,294912,90860203,208801,0
879533625,1,1898402590,2944297205,1310478612,2129960155,1842679295,2075445311,2632170164,4141542771,1058522414,2952302031,3635412698,4275744764,4294499023,3369074687,4223320056,4026391263,2291138026,4294967293,2952302031,3635412698,4275744764,4294499023,3369074687,4223320056,4026391263,2291138026,4294967293,-540,-540,294912,150002,145198,149714,2802657832,130454,0
775683075,0,3024274376,1594880165,299815080,1881727236,1917515967,639421952,4004163261,2824723164,4030503395,1342665264,659554597,19222531,468272,925892608,71647239,268576032,2003829269,2,1342665264,659554597,19222531,468272,925892608,71647239,268576032,2003829269,2,-540,-540,294912,295200,0,294912,768452113,156385,0
775683075,1,3024274376,1594880165,299815080,1881727236,1917515967,639421952,4004163261,2824723164,4030503395,2952302031,3635412698,4275744764,4294499023,3369074687,4223320056,4026391263,2291138026,4294967293,2952302031,3635412698,4275744764,4294499023,3369074687,4223320056,4026391263,2291138026,4294967293,-540,-540,294912,149896,145304,149608,3480300752,133613,0
2496780664,0,1296015354,2942496772,1778585317,195582305,3259907345,3598684036,4035162135,1544707475,4260830903,2952302031,3635412698,4275744764,4294499023,3369074687,4223320056,4026391263,2291138026,4294967293,2952302031,3635412698,4275744764,4294499023,3369074687,4223320056,4026391263,2291138026,4294967293,-540,-540,294912,295200,0,294912,1518484111,161829,0
2496780664,1,1296015354,2942496772,1778585317,195582305,3259907345,3598684036,4035162135,1544707475,4260830903,2952302031,3635412698,4275744764,4294499023,3369074687,4223320056,4026391263,2291138026,4294967293,2952302031,3635412698,4275744764,4294499023,3369074687,4223320056,4026391263,2291138026,4294967293,-540,-540,294912,149624,145576,149336,228966947,124278,0
138416325,0,3385463349,753246269,521110983,646150074,3645086881,1355454892,2133997749,115511742,276551134,2952302031,3635412698,4275744764,4294499023,3369074687,4223320056,4026391263,2291138026,4294967293,2952302031,3635412698,4275744764,4294499023,3369074687,4223320056,4026391263,2291138026,4294967293,-540,-540,294912,295200,0,294912,3968285958,150934,0
138416325,1,3385463349,753246269,521110983,646150074,3645086881,1355454892,2133997749,115511742,276551134,2952302031,3635412698,4275744764,4294499023,3369074687,4223320056,4026391263,2291138026,4294967293,2952302031,3635412698,4275744764,4294499023,3369074687,4223320056,4026391263,2291138026,4294967293,-540,-540,294912,149713,145487,149425,3965679991,129003,0
1267876966,0,936384007,4088003510,3202116398,59503313,1617935,1539672589,279693474,3269610864,1064014331,2936501199,649003300,19181315,4278658255,919535617,71614215,4009895135,1989083668,130818,2936501199,649003300,19181315,4278658255,919535617,71614215,4009895135,1989083668,130818,-516,-516,294912,295200,0,294912,4101541162,4294967295,0
1267876966,1,936384007,4088003510,3202116398,59503313,1617935,1539672589,279693474,3269610864,1064014331,2952302031,3635412698,4275744764,4294499023,3369074687,4223320056,4026391263,2291138026,4294967293,2952302031,3635412698,4275744764,4294499023,3369074687,4223320056,4026391263,2291138026,4294967293,-540,-540,294912,150281,144919,149993,2021659870,133546,0
3389380671,0,325522360,4262871972,3381565962,1348740578,1543356238,2157255520,1014785239,1411808834,4144745028,1342665264,659554597,19222531,468272,925892608,71647239,268576032,2003829269,2,1342665264,659554597,19222531,468272,925892608,71647239,268576032,2003829269,2,-540,-540,294912,295200,0,294912,2441548759,168519,0
3389380671,1,325522360,4262871972,3381565962,1348740578,1543356238,2157255520,1014785239,1411808834,4144745028,2952302031,3635412698,4275744764,4294499023,3369074687,4223320056,4026391263,2291138026,4294967293,2952302031,3635412698,4275744764,4294499023,3369074687,4223320056,4026391263,2291138026,4294967293,-540,-540,294912,150004,145196,149716,1182721792,127009,0
3698774336,0,3330680269,2607279130,3214609046,3441905521,654798048,3524875365,2212666726,2451284470,2717898719,2952302031,3635412698,4275744764,4294499023,3369074687,4223320056,4026391263,2291138026,4294967293,2952302031,3635412698,4275744764,4294499023,3369074687,4223320056,4026391263,2291138026,4294967293,-540,-540,294912,295200,0,294912,3255077208,141131,0
3698774336,1,3330680269,2607279130,3214609046,3441905521,654798048,3524875365,2212666726,2451284470,2717898719,2952302031,3635412698,4275744764,4294499023,3369074687,4223320056,4026391263,2291138026,4294967293,2952302031,3635412698,4275744764,4294499023,3369074687,4223320056,4026391263,2291138026,4294967293,-540,-540,294912,151391,143809,151103,2179899810,230113,0
3573228835,0,4063487427,3182732040,3214819853,3419428658,1691761623,1497526184,1076548198,212157853,1347920628,2952302031,3635412698,4275744764,4294499023,3369074687,4223320056,4026391263,2291138026,4294967293,2952302031,3635412698,4275744764,4294499023,3369074687,4223320056,4026391263,2291138026,4294967293,-540,-540,294912,295200,0,294912,3822702366,153226,0
3573228835,1,4063487427,3182732040,3214819853,3419428658,1691761623,1497526184,1076548198,212157853,1347920628,2952302031,3635412698,4275744764,4294499023,3369074687,4223320056,4026391263,2291138026,4294967293,2952302031,3635412698,4275744764,4294499023,3369074687,4223320056,4026391263,2291138026,4294967293,-540,-540,294912,149120,146080,148832,3020148605,126251,0
568312529,0,1244577084,1430218630,1481991026,2729868501,1176477123,278489303,1673819375,3001647613,4289488178,1342665264,659554597,19222531,468272,925892608,71647239,268576032,2003829269,2,1342665264,659554597,19222531,468272,925892608,71647239,268576032,2003829269,2,-540,-540,294912,295200,0,294912,4147572035,145203,0
568312529,1,1244577084,1430218630,1481991026,2729868501,1176477123,278489303,1673819375,3001647613,4289488178,2952302031,3635412698,4275744764,4294499023,3369074687,4223320056,4026391263,2291138026,4294967293,2952302031,3635412698,4275744764,4294499023,3369074687,4223320056,4026391263,2291138026,4294967293,-540,-540,294912,150122,145078,149834,1727815934,130459,0
2267503399,0,2367131786,1229648335,3449741478,2195882244,1223517665,3747916115,2315681189,3525415635,4171000039,1342665264,659554597,19222531,468272,925892608,71647239,268576032,2003829269,2,1342665264,659554597,19222531,468272,925892608,71647239,268576032,2003829269,2,-540,-540,294912,295200,0,294912,1885224988,149867,0
2267503399,1,2367131786,1229648335,3449741478,2195882244,1223517665,3747916115,2315681189,3525415635,4171000039,2952302031,3635412698,4275744764,4294499023,3369074687,4223320056,4026391263,2291138026,4294967293,2952302031,3635412698,4275744764,4294499023,3369074687,4223320056,4026391263,2291138026,4294967293,-540,-540,294912,150275,144925,149987,4205813297,117794,0
1394842537,0,3340975818,3239922177,3461284523,394888867,1433369334,434462819,3679873125,3784149503,680655081,2936500943,665780517,19246851,4278658511,936312832,71679751,4009895391,2005860885,65282,2936501711,548340002,19050243,4278657743,818872327,71483143,4009894623,1888420370,524034,-516,-516,294912,295200,0,294912,3007627540,4294967295,0
1394842537,1,3340975818,3239922177,3461284523,394888867,1433369334,434462819,3679873125,3784149503,680655081,2952302031,3635412698,4275744764,4294499023,3369074687,4223320056,4026391263,2291138026,4294967293,2952302031,3635412698,4275744764,4294499023,3369074687,4223320056,4026391263,2291138026,4294967293,-540,-540,294912,149513,145687,149225,1109543537,116559,0
1036822733,0,3905080652,2278771199,3910198370,3159243635,4081964434,3706107799,2839970312,1678722645,1441888055,1342665264,659554597,19222531,468272,925892608,71647239,268576032,2003829269,2,1342665264,659554597,19222531,468272,925892608,71647239,268576032,2003829269,2,-540,-540,294912,295200,0,294912,3520053644,147001,0
1036822733,1,3905080652,2278771199,3910198370,3159243635,4081964434,3706107799,2839970312,1678722645,1441888055,2952302031,3635412698,4275744764,4294499023,3369074687,4223320056,4026391263,2291138026,4294967293,2952302031,3635412698,4275744764,4294499023,3369074687,4223320056,4026391263,2291138026,4294967293,-540,-540,294912,149458,145742,149170,2320975535,133632,0
1444680303,0,4099259680,1608734127,663413413,2260776671,4055564619,2646676611,3143727863,3315153806,1054190070,2952302031,3635412698,4275744764,4294499023,3369074687,4223320056,4026391263,2291138026,4294967293,2952302031,3635412698,4275744764,4294499023,3369074687,4223320056,4026391263,2291138026,4294967293,-540,-540,294912,295200,0,294912,2785320085,157554,0
1444680303,1,4099259680,1608734127,663413413,2260776671,4055564619,2646676611,3143727863,3315153806,1054190070,2952302031,3635412698,4275744764,4294499023,3369074687,4223320056,4026391263,2291138026,4294967293,2952302031,3635412698,4275744764,4294499023,3369074687,4223320056,4026391263,2291138026,4294967293,-540,-540,294912,150886,144314,150598,130772609,133630,0
3734391110,0,1521364660,3110437330,4092478859,3811281256,2802218584,1530477722,1063406492,2761186562,2143228778,2936499663,950993210,20623107,4278663887,684654623,73056007,4009900767,1754202634,2096898,2936499663,950993210,20623107,4278663887,684654623,73056007,4009900767,1754202634,2096898,-516,-516,294912,295200,0,294912,1305456308,4294967295,0
3734391110,1,1521364660,3110437330,4092478859,3811281256,2802218584,1530477722,1063406492,2761186562,2143228778,2952302031,3635412698,4275744764,4294499023,3369074687,4223320056,4026391263,2291138026,4294967293,2952302031,3635412698,4275744764,4294499023,3369074687,4223320056,4026391263,2291138026,4294967293,-540,-540,294912,149323,145877,149035,1891552130,130668,0
2149519595,0,118941613,191520988,1302549420,3050005779,207710787,2531314611,682392886,2107732323,3050440146,1342665264,659554597,19222531,468272,925892608,71647239,268576032,2003829269,2,1342665264,659554597,19222531,468272,925892608,71647239,268576032,2003829269,2,-540,-540,294912,295200,0,294912,2543983902,151177,0
2149519595,1,118941613,191520988,1302549420,3050005779,207710787,2531314611,682392886,2107732323,3050440146,2952302031,3635412698,4275744764,4294499023,3369074687,4223320056,4026391263,2291138026,4294967293,2952302031,3635412698,4275744764,4294499023,3369074687,4223320056,4026391263,2291138026,4294967293,-540,-540,294912,149154,146046,148866,3581247448,130996,0
1506510607,0,1990231832,1733474568,2993584609,1942027172,3325220997,741153803,1348561524,3838954425,3402994243,2952302031,3635412698,4275744764,4294499023,3369074687,4223320056,4026391263,2291138026,4294967293,2952302031,3635412698,4275744764,4294499023,3369074687,4223320056,4026391263,2291138026,4294967293,-540,-540,294912,295200,0,294912,1303752494,146843,0
1506510607,1,1990231832,1733474568,2993584609,1942027172,3325220997,741153803,1348561524,3838954425,3402994243,2952302031,3635412698,4275744764,4294499023,3369074687,4223320056,4026391263,2291138026,4294967293,2952302031,3635412698,4275744764,4294499023,3369074687,4223320056,4026391263,2291138026,4294967293,-540,-540,294912,150211,144989,149923,1733558640,122385,0
1763000338,0,1892918361,100818315,1090559748,3881672662,4161542205,1867232211,3729182162,2043704013,446262512,1342665264,659554597,19222531,468272,925892608,71647239,268576032,2003829269,2,1342665264,659554597,19222531,468272,925892608,71647239,268576032,2003829269,2,-540,-540,294912,295200,0,294912,3144336026,150881,0
1763000338,1,1892918361,100818315,1090559748,3881672662,4161542205,1867232211,3729182162,2043704013,446262512,2952302031,3635412698,4275744764,4294499023,3369074687,4223320056,4026391263,2291138026,4294967293,2952302031,3635412698,4275744764,4294499023,3369074687,4223320056,4026391263,2291138026,4294967293,-540,-540,294912,148843,146357,148555,2359476719,127608,0
2487067677,0,2433369412,4091674922,3533673272,349506290,1531368016,305135767,1769747505,2900457663,4123241878,2952302031,3635412698,4275744764,4294499023,3369074687,4223320056,4026391263,2291138026,4294967293,2952302031,3635412698,4275744764,4294499023,3369074687,4223320056,4026391263,2291138026,4294967293,-540,-540,294912,295200,0,294912,1663566186,156384,0
2487067677,1,2433369412,4091674922,3533673272,349506290,1531368016,305135767,1769747505,2900457663,4123241878,2952302031,3635412698,4275744764,4294499023,3369074687,4223320056,4026391263,2291138026,4294967293,2952302031,3635412698,4275744764,4294499023,3369074687,4223320056,4026391263,2291138026,4294967293,-540,-540,294912,149356,145844,149068,3850130277,127032,0
3316272031,0,2952779536,1797000954,2125961288,1344497465,3794259963,2287976814,1149890911,1349004246,2436851359,1342665264,659554597,19222531,468272,925892608,71647239,268576032,2003829269,2,1342665264,659554597,19222531,468272,925892608,71647239,268576032,2003829269,2,-540,-540,294912,295200,0,294912,2231787837,159529,0
3316272031,1,2952779536,1797000954,2125961288,1344497465,3794259963,2287976814,1149890911,1349004246,2436851359,2952302031,3635412698,4275744764,4294499023,3369074687,4223320056,4026391263,2291138026,4294967293,2952302031,3635412698,4275744764,4294499023,3369074687,4223320056,4026391263,2291138026,4294967293,-540,-540,294912,150043,145157,149755,42315356,126821,0
2492465460,0,3422926274,1418809743,1272629918,402875407,1803668522,1843968424,434520193,3059746923,1816299214,1342665264,659554597,19222531,468272,925892608,71647239,268576032,2003829269,2,1342665264,659554597,19222531,468272,925892608,71647239,268576032,2003829269,2,-540,-540,294912,295200,0,294912,813485023,175874,0
2492465460,1,3422926274,1418809743,1272629918,402875407,1803668522,1843968424,434520193,3059746923,1816299214,2952302031,3635412698,4275744764,4294499023,3369074687,4223320056,4026391263,2291138026,4294967293,2952302031,3635412698,4275744764,4294499023,3369074687,4223320056,4026391263,2291138026,4294967293,-540,-540,294912,150035,145165,149747,2595757703,129291,0
1869091870,0,592167666,2946227638,196984438,981452467,1629923446,754947743,1719416958,831281099,4009757426,2952302031,3635412698,4275744764,4294499023,3369074687,4223320056,4026391263,2291138026,4294967293,2952302031,3635412698,4275744764,4294499023,3369074687,4223320056,4026391263,2291138026,4294967293,-540,-540,294912,295200,0,294912,2191177263,150046,0
1869091870,1,592167666,2946227638,196984438,981452467,1629923446,754947743,1719416958,831281099,4009757426,2952302031,3635412698,4275744764,4294499023,3369074687,4223320056,4026391263,2291138026,4294967293,2952302031,3635412698,4275744764,4294499023,3369074687,4223320056,4026391263,2291138026,4294967293,-540,-540,294912,149954,145246,149666,4139209114,140230,0
3712826138,0,480385263,2809839011,2869328857,3222229932,3756305278,3161500586,2011162605,2094772231,264339790,2952302031,3635412698,4275744764,4294499023,3369074687,4223320056,4026391263,2291138026,4294967293,2952302031,3635412698,4275744764,4294499023,3369074687,4223320056,4026391263,2291138026,4294967293,-540,-540,294912,295200,0,294912,1745688520,148891,0
3712826138,1,480385263,2809839011,2869328857,3222229932,3756305278,3161500586,2011162605,2094772231,264339790,2952302031,3635412698,4275744764,4294499023,3369074687,4223320056,4026391263,2291138026,4294967293,2952302031,3635412698,4275744764,4294499023,3369074687,4223320056,4026391263,2291138026,4294967293,-540,-540,294912,150060,145140,149772,1831134578,121834,0
157106023,0,2752988923,3209262691,2643255743,976781548,3664229620,3731558149,1789495084,2089538676,1599874944,1342665264,659554597,19222531,468272,925892608,71647239,268576032,2003829269,2,1342665264,659554597,19222531,468272,925892608,71647239,268576032,2003829269,2,-540,-540,294912,295200,0,294912,3889490597,149208,0
157106023,1,2752988923,3209262691,2643255743,976781548,3664229620,3731558149,1789495084,2089538676,1599874944,2952302031,3635412698,4275744764,4294499023,3369074687,4223320056,4026391263,2291138026,4294967293,2952302031,3635412698,4275744764,4294499023,3369074687,4223320056,4026391263,2291138026,4294967293,-540,-540,294912,150443,144757,150155,2903376280,129581,0
4088344987,0,1836878348,4133563065,3783540043,2547172378,858247224,1960117748,2771308604,2511111477,2123911089,2952302031,3635412698,4275744764,4294499023,3369074687,4223320056,4026391263,2291138026,4294967293,2952302031,3635412698,4275744764,4294499023,3369074687,4223320056,4026391263,2291138026,4294967293,-540,-540,294912,295200,0,294912,2483702695,151956,0
4088344987,1,1836878348,4133563065,3783540043,2547172378,858247224,1960117748,2771308604,2511111477,2123911089,2952302031,3635412698,4275744764,4294499023,3369074687,4223320056,4026391263,2291138026,4294967293,2952302031,3635412698,4275744764,4294499023,3369074687,4223320056,4026391263,2291138026,4294967293,-540,-540,294912,149757,145443,149469,1586992361,128842,0
108889207,0,1499163121,3727624462,1499393346,3635340616,1285485821,3636632859,2577880146,1297811948,376358073,1342665264,659554597,19222531,468272,925892608,71647239,268576032,2003829269,2,1342665264,659554597,19222531,468272,925892608,71647239,268576032,2003829269,2,-540,-540,294912,295200,0,294912,266377716,154466,0
108889207,1,1499163121,3727624462,1499393346,3635340616,1285485821,3636632859,2577880146,1297811948,376358073,2952302031,3635412698,4275744764,4294499023,3369074687,4223320056,4026391263,2291138026,4294967293,2952302031,3635412698,4275744764,4294499023,3369074687,4223320056,4026391263,2291138026,4294967293,-540,-540,294912,149129,146071,148841,3442763028,128404,0
844066899,0,2899762797,499065843,740667237,3806476802,12934018,1285202844,477490279,1149061892,862111601,2952302031,3635412698,4275744764,4294499023,3369074687,4223320056,4026391263,2291138026,4294967293,2952302031,3635412698,4275744764,4294499023,3369074687,4223320056,4026391263,2291138026,4294967293,-540,-540,294912,295200,0,294912,3248926523,153482,0
844066899,1,2899762797,499065843,740667237,3806476802,12934018,1285202844,477490279,1149061892,862111601,2952302031,3635412698,4275744764,4294499023,3369074687,4223320056,4026391263,2291138026,4294967293,2952302031,3635412698,4275744764,4294499023,3369074687,4223320056,4026391263,2291138026,4294967293,-540,-540,294912,149693,145507,149405,265238730,129313,0
1878555097,0,1266241806,3848531909,2138278500,845334401,4154597328,3081316295,1119984111,3343300696,2282821116,1358656048,659619109,4247081215,16459056,925957120,4165288187,285091104,2003893781,4227858686,1358475824,3880845029,4276441340,16311600,4147183552,4219814136,285074720,3077635541,4290773245,-516,-516,294912,295200,0,294912,3315710531,4294967295,0
1878555097,1,1266241806,3848531909,2138278500,845334401,4154597328,3081316295,1119984111,3343300696,2282821116,2952302031,3635412698,4275744764,4294499023,3369074687,4223320056,4026391263,2291138026,4294967293,2952302031,3635412698,4275744764,4294499023,3369074687,4223320056,4026391263,2291138026,4294967293,-540,-540,294912,151577,143623,151289,4293211136,144615,0
2047543150,0,1060381460,2305106436,1114416409,2605896203,1000828132,2468558601,11309633,1104106263,606066422,2952302031,3635412698,4275744764,4294499023,3369074687,4223320056,4026391263,2291138026,4294967293,2952302031,3635412698,4275744764,4294499023,3369074687,4223320056,4026391263,2291138026,4294967293,-540,-540,294912,295200,0,294912,3014214024,169655,0
2047543150,1,1060381460,2305106436,1114416409,2605896203,1000828132,2468558601,11309633,1104106263,606066422,2952302031,3635412698,4275744764,4294499023,3369074687,4223320056,4026391263,2291138026,4294967293,2952302031,3635412698,4275744764,4294499023,3369074687,4223320056,4026391263,2291138026,4294967293,-540,-540,294912,149761,145439,149473,1425994071,127859,0
2255428142,0,436352228,284643747,3694990353,1245014186,519720011,3942589992,4269926477,212124519,2873922929,1358459440,659619365,4263858428,16262448,925957888,4215619832,285025568,2003893525,4278190333,1358475824,3880845029,4276441340,16311600,4147183552,4219814136,285074720,3077635541,4290773245,-516,-516,294912,295200,0,294912,2083760988,4294967295,0
2255428142,1,436352228,284643747,3694990353,1245014186,519720011,3942589992,4269926477,212124519,2873922929,2952302031,3635412698,4275744764,4294499023,3369074687,4223320056,4026391263,2291138026,4294967293,2952302031,3635412698,4275744764,4294499023,3369074687,4223320056,4026391263,2291138026,4294967293,-540,-540,294912,150188,145012,149900,2131030975,130470,0
